time,pm10,pm2_5,nitrogen_dioxide,ozone,carbon_monoxide,AQI,hour,hour_sin,hour_cos,AQI_RF_Predict,AQI_LSTM_Predict
2026-10-10 00:00:00,-0.3120716427489168,-0.312469376226423,0.6088960229793422,-0.6544740556836505,-0.566734841905989,159.0,0,0.0,1.0,,
2026-10-10 01:00:00,-0.2585615130328406,-0.2509474617822527,0.7616811385905379,-0.7445860414955777,-0.1798362140561355,160.0,1,0.2697967711570243,0.9629172873477992,,
2026-10-10 02:00:00,-0.2101475861468665,-0.197115786643604,0.8263209951952748,-0.796078604816679,-0.1964175838211292,161.0,2,0.5195839500354336,0.8544194045464886,,
2026-10-10 03:00:00,-0.1158678337899699,-0.1073963280791892,0.8380736963961362,-0.796078604816679,-0.2701125605544346,163.0,3,0.730835964278124,0.6825531432186541,,
2026-10-10 04:00:00,-0.0496171969986373,-0.0356207612276575,0.8263209951952748,-0.7832054639864038,-0.253531190789441,164.0,4,0.8878852184023752,0.4600650377311522,,
2026-10-10 05:00:00,0.0268258454529003,0.046408458031236,0.8086919433939831,-0.7317129006653024,0.0080859766137932,166.0,5,0.9790840876823228,0.2034560130526337,,
2026-10-10 06:00:00,0.1746157275258732,0.1899595917342994,0.7616811385905379,-0.6416009148533751,0.3599794905153266,169.0,6,0.9976687691905392,-0.0682424133646708,,
2026-10-10 07:00:00,-0.1999551804866617,-0.197115786643604,1.16127297941982,-0.6802203373442011,0.4834185765436132,161.0,7,0.9422609221188204,-0.3348796121709861,,
2026-10-10 08:00:00,-0.2636577158629432,-0.2586377010877743,0.749928437389677,-0.4356306615689698,0.1481064324070735,160.0,8,0.8169698930104421,-0.5766803221148671,,
2026-10-10 09:00:00,-0.5898146969895042,-0.5790643388178268,0.168169727947046,-0.088055859151536,-0.4156601396027128,153.0,9,0.631087944326053,-0.7757112907044197,,
2026-10-10 10:00:00,-0.9516450979267826,-0.937942173075486,-0.3607018260917096,0.2466458024356225,-0.8412486302375517,127.0,10,0.3984010898462414,-0.917211301505453,,
2026-10-10 11:00:00,-1.0765020672642942,-1.0635494150656664,-0.7896754199231446,0.581347464022781,-0.961002967429173,115.0,11,0.1361666490962471,-0.9906859460363306,,
2026-10-10 12:00:00,-1.1274640955653197,-1.114817677102475,-1.1598855077502732,0.9031759847796642,-0.9444215976641792,110.0,12,-0.1361666490962464,-0.9906859460363308,,
2026-10-10 13:00:00,-1.2879944847135487,-1.278876115620262,-1.4008158823679286,1.1091462380640695,-0.9296826023175182,95.0,13,-0.3984010898462415,-0.9172113015054528,,
2026-10-10 14:00:00,-1.201359036601806,-1.1891566570558472,-1.4772084401735266,1.173511942215446,-1.0328555697441455,103.0,14,-0.6310879443260528,-0.7757112907044198,,
2026-10-10 15:00:00,-1.0561172559438845,-1.043042110250943,-1.4184449341692205,1.1348925197246202,-1.1397132860074386,117.0,15,-0.816969893010442,-0.5766803221148672,,
2026-10-10 16:00:00,-1.1503970083007808,-1.1378883950190388,-1.2539071173571632,0.9804148297613162,-1.051279313927472,108.0,16,-0.9422609221188204,-0.3348796121709864,,
2026-10-10 17:00:00,-1.2344843549974724,-1.2173542011760918,-0.9248314837330486,0.658586309004433,-0.5888433349259806,100.0,17,-0.9976687691905392,-0.0682424133646704,,
2026-10-10 18:00:00,-1.094338777169653,-1.0763664805748685,-0.4841051887007524,0.2337726616053471,0.0688843324187702,114.0,18,-0.979084087682323,0.2034560130526333,,
2026-10-10 19:00:00,-0.9389045908515264,-0.9174348682607624,-0.1021423996727623,-0.126675281642362,0.595803416061904,129.0,19,-0.8878852184023756,0.4600650377311516,,
2026-10-10 20:00:00,-0.806403317268861,-0.786700800066901,0.1622933773466153,-0.3712649574175932,0.888740948576793,142.0,20,-0.730835964278124,0.6825531432186542,,
2026-10-10 21:00:00,-0.6739020436861956,-0.6508399056693587,0.3620892977612562,-0.5514889290414479,1.0527122718083977,152.0,21,-0.5195839500354336,0.8544194045464886,,
2026-10-10 22:00:00,-0.5261121616132227,-0.5021619457626142,0.5266271145733132,-0.7059666190047518,1.065608892736726,155.0,22,-0.2697967711570252,0.962917287347799,,
2026-10-10 23:00:00,-0.3885146852004546,-0.3637376382632314,0.6735358795840787,-0.8218248864772297,0.8868985741584604,158.0,23,-2.4492935982947064e-16,1.0,185.88,17.503902435302734
2026-10-11 00:00:00,-0.3426488597295321,-0.3227230286337848,0.7851865409922607,-0.911936872289157,0.5589559276952513,159.0,0,0.0,1.0,,
2026-10-11 01:00:00,-0.3885146852004546,-0.3714278775687526,0.77931019039183,-0.950556294779983,0.1904810440287241,158.0,1,0.2697967711570243,0.9629172873477992,,
2026-10-11 02:00:00,-0.472602031897146,-0.4534570968276462,0.5912669711780502,-0.9376831539497076,-0.2830091814827631,156.0,2,0.5195839500354336,0.8544194045464886,,
2026-10-11 03:00:00,-0.5617855814239403,-0.53804972918838,0.2974494411565193,-0.873317449798331,-0.798874018615901,154.0,3,0.730835964278124,0.6825531432186541,,
2026-10-11 04:00:00,-0.628036218215273,-0.609825296039912,0.0388900147375723,-0.8089517456469544,-1.0457521906724745,153.0,4,0.8878852184023752,0.4600650377311522,,
2026-10-11 05:00:00,-0.6535172323657856,-0.6354594270583162,-0.07863699727104,-0.796078604816679,-0.7546570325759178,152.0,5,0.9790840876823228,0.2034560130526337,,
2026-10-11 06:00:00,-0.6229400153851704,-0.6072618829380715,-0.1550295550766378,-0.7703323231561284,-0.1945752094027966,153.0,6,0.9976687691905392,-0.0682424133646708,,
2026-10-11 07:00:00,-0.7044792606668108,-0.6867276890951246,-0.3254437224891258,-0.5772352107019985,0.1186284417137514,151.0,7,0.9422609221188204,-0.3348796121709861,,
2026-10-11 08:00:00,-1.071405864434192,-1.0507323495564644,-0.6897774597158239,-0.0623095774909853,-0.0821903698845058,116.0,8,0.8169698930104421,-0.5766803221148671,,
2026-10-11 09:00:00,-1.3746299328252916,-1.3557785086754746,-1.1540091571498428,0.6328400273438823,-0.5298873535393362,88.0,9,0.631087944326053,-0.7757112907044197,,
2026-10-11 10:00:00,-1.4867463950875468,-1.4685686851564532,-1.5124665437761102,1.2250045055365475,-0.920470730225855,79.0,10,0.3984010898462414,-0.917211301505453,,
2026-10-11 11:00:00,-1.4765539894273418,-1.455751619647251,-1.7063861135903204,1.6111987304448072,-1.1636641534457628,80.0,11,0.1361666490962471,-0.9906859460363306,,
2026-10-11 12:00:00,-1.3822742370704453,-1.360905334879155,-1.8004077231972104,1.8944078287108643,-1.3534287185340244,88.0,12,-0.1361666490962464,-0.9906859460363308,,
2026-10-11 13:00:00,-1.3032830932038564,-1.2814395287221023,-1.823913125598933,2.061758659504444,-1.465813558052315,94.0,13,-0.3984010898462415,-0.9172113015054528,,
2026-10-11 14:00:00,-1.221743847922216,-1.2045371356668897,-1.8062840737976409,2.074631800334719,-1.6261001324472544,101.0,14,-0.6310879443260528,-0.7757112907044198,,
2026-10-11 15:00:00,-1.1300121969803707,-1.114817677102475,-1.7181388147911818,1.9716466736925164,-1.7126917301088882,110.0,15,-0.816969893010442,-0.5766803221148672,,
2026-10-11 16:00:00,-1.0000590248127563,-0.9815201958067732,-1.5124665437761102,1.791422702068662,-1.3294778510957002,123.0,16,-0.9422609221188204,-0.3348796121709864,,
2026-10-11 17:00:00,-0.7707298974581434,-0.7533764297429756,-1.0834929499446757,1.546833026293431,0.1149436928770861,145.0,17,-0.9976687691905392,-0.0682424133646704,,
2026-10-11 18:00:00,-0.4955349446326075,-0.4790912278460504,-0.536992344104628,1.2250045055365475,2.0291707135246946,155.0,18,-0.979084087682323,0.2034560130526333,,
2026-10-11 19:00:00,-0.1693779635060465,-0.1509743508104765,-0.1726586068779299,0.9160491256099396,3.020368150587652,162.0,19,-0.8878852184023756,0.4600650377311516,,
2026-10-11 20:00:00,-0.0394247913384322,-0.0176768695147745,-0.1726586068779299,0.6457131681741577,2.169191169317975,165.0,20,-0.730835964278124,0.6825531432186542,,
2026-10-11 21:00:00,-0.0852906168093551,-0.0715085446534232,-0.3430727742904177,0.3753772107383757,0.3949846044636467,164.0,21,-0.5195839500354336,0.8544194045464886,,
2026-10-11 22:00:00,-0.0139437771879196,0.0002670221981084,-0.4194653320960158,0.1436606757934199,-0.925997853480853,165.0,22,-0.2697967711570252,0.962917287347799,,
2026-10-11 23:00:00,0.210289147336591,0.2258473751600655,-0.2666802164848196,-0.0623095774909853,-1.2023540162307482,170.0,23,-2.4492935982947064e-16,1.0,175.96,17.492813110351562
2026-10-12 00:00:00,0.4421663761062553,0.4591179674275437,-0.0081207900658724,-0.2425335491148399,-1.0254860720708152,174.0,0,0.0,1.0,,
2026-10-12 01:00:00,0.6434663878953049,0.6616276024729372,0.2210568833509215,-0.3970112390781439,-0.7951892697792358,178.0,1,0.2697967711570243,0.9629172873477992,,
2026-10-12 02:00:00,0.7989005742134315,0.8103055623796815,0.409100102564701,-0.5386157882111725,-0.6422721930576271,181.0,2,0.5195839500354336,0.8544194045464886,,
2026-10-12 03:00:00,0.9568828619466097,0.971800587795628,0.5795142699771891,-0.6673471965139258,-0.4359262582043718,185.0,3,0.730835964278124,0.6825531432186541,,
2026-10-12 04:00:00,1.1250575553399924,1.1384224394152556,0.655906827782787,-0.7574591823258531,-0.1779938396378029,188.0,4,0.8878852184023752,0.4600650377311522,,
2026-10-12 05:00:00,1.2550107275076066,1.2589028552017558,0.6324014253810646,-0.873317449798331,0.2310132812320421,190.0,5,0.9790840876823228,0.2034560130526337,,
2026-10-12 06:00:00,1.3977044067504776,1.402453988904819,0.520750763972883,-0.9376831539497076,0.6897645113968685,193.0,6,0.9976687691905392,-0.0682424133646708,,
2026-10-12 07:00:00,1.58626391146427,1.617780689459415,0.2739440387547969,-0.7832054639864038,0.9016375695051216,198.0,7,0.9422609221188204,-0.3348796121709861,,
2026-10-12 08:00:00,0.7989005742134315,0.8179958016852028,-0.202040359880083,-0.1781678449634633,0.6658136439585441,182.0,8,0.8169698930104421,-0.5766803221148671,,
2026-10-12 09:00:00,-0.1337045436953288,-0.1253402197920723,-0.8014281211240057,0.658586309004433,0.181269171937061,163.0,9,0.631087944326053,-0.7757112907044197,,
2026-10-12 10:00:00,-0.933808388021424,-0.9353787599736454,-1.2832888703593162,1.289370209687924,-0.2516888163711083,127.0,10,0.3984010898462414,-0.917211301505453,,
2026-10-12 11:00:00,-1.1147235884900633,-1.119944503306156,-1.5359719461778327,1.5082136038026046,-0.5298873535393362,110.0,11,0.1361666490962471,-0.9906859460363306,,
2026-10-12 12:00:00,-1.170781819621191,-1.1814664177503258,-1.6593753087868757,1.5082136038026046,-0.7583417814125831,104.0,12,-0.1361666490962464,-0.9906859460363308,,
2026-10-12 13:00:00,-1.1096273856599608,-1.119944503306156,-1.7122624641907511,1.4695941813117788,-0.940736848827514,110.0,13,-0.3984010898462415,-0.9172113015054528,,
2026-10-12 14:00:00,-1.1249159941502684,-1.1327615688153578,-1.776902320795488,1.482467322142054,-1.1415556604257713,108.0,14,-0.6310879443260528,-0.7757112907044198,,
2026-10-12 15:00:00,-1.1605894139609858,-1.163522526037443,-1.7710259701950577,1.4567210404815034,-1.2963151115657126,105.0,15,-0.816969893010442,-0.5766803221148672,,
2026-10-12 16:00:00,-1.1631375153760373,-1.168649352241124,-1.4595793883722348,1.3022433505181994,-1.2244625092507395,105.0,16,-0.9422609221188204,-0.3348796121709864,,
2026-10-12 17:00:00,-1.0306362417933717,-1.0327884578435815,-0.5487450453054893,0.9031759847796642,-0.703070548862604,118.0,17,-0.9976687691905392,-0.0682424133646704,,
2026-10-12 18:00:00,-0.579622291329299,-0.5790643388178268,0.6617831783832177,0.3625040699081004,0.0467758393987786,153.0,18,-0.979084087682323,0.2034560130526333,,
2026-10-12 19:00:00,-0.0445209941685347,-0.0663817184497426,1.4844722624435038,-0.0623095774909853,0.5405321835119249,164.0,19,-0.8878852184023756,0.4600650377311516,,
2026-10-12 20:00:00,0.1211055978097969,0.0951133069662041,1.5197303660460877,-0.2682798307753906,0.5165813160736007,167.0,20,-0.730835964278124,0.6825531432186542,,
2026-10-12 21:00:00,0.0217296426227977,-0.0074232171074126,1.16127297941982,-0.3712649574175932,0.2383827789053727,165.0,21,-0.5195839500354336,0.8544194045464886,,
2026-10-12 22:00:00,0.014085338377644,-0.0176768695147745,0.902713553000873,-0.4613769432295205,0.0007164789404627,165.0,22,-0.2697967711570252,0.962917287347799,,
2026-10-12 23:00:00,0.1211055978097969,0.082296241457002,0.9614770590051792,-0.5901083515322738,-0.1024564884861648,167.0,23,-2.4492935982947064e-16,1.0,185.63,17.50234603881836
2026-10-13 00:00:00,0.2332220600720521,0.1899595917342994,1.1142621746163748,-0.7059666190047518,-0.1650972187094744,169.0,0,0.0,1.0,,
2026-10-13 01:00:00,0.3657233336547176,0.3206936599281612,1.220036485424126,-0.8089517456469544,-0.1614124698728092,171.0,1,0.2697967711570243,0.9629172873477992,,
2026-10-13 02:00:00,0.4829359987470757,0.4411740757146611,1.2259128360245568,-0.8990637314588816,-0.1153531094144933,174.0,2,0.5195839500354336,0.8544194045464886,,
2026-10-13 03:00:00,0.5899562581792283,0.5488374259919585,1.1847783818215425,-0.9763025764405336,-0.0011258954778698,176.0,3,0.730835964278124,0.6825531432186541,,
2026-10-13 04:00:00,0.7097170246866374,0.6667544286766182,1.06725136981293,-0.989175717270809,0.2715455184353602,178.0,4,0.8878852184023752,0.4600650377311522,,
2026-10-13 05:00:00,0.7989005742134315,0.7564738872410328,0.8557027481974279,-0.9376831539497076,0.9458545555451048,180.0,5,0.9790840876823228,0.2034560130526337,,
2026-10-13 06:00:00,0.8855360223251744,0.8410665196017667,0.5795142699771891,-0.8346980273075051,1.7804501670497883,182.0,6,0.9976687691905392,-0.0682424133646708,,
2026-10-13 07:00:00,0.5415423312932546,0.5052594032606716,0.2680676881543662,-0.6029814923625492,2.1452403018796504,175.0,7,0.9422609221188204,-0.3348796121709861,,
2026-10-13 08:00:00,0.1695195246957706,0.1233108510864486,-0.0727606466706093,-0.1781678449634633,1.6293754647465124,168.0,8,0.8169698930104421,-0.5766803221148671,,
2026-10-13 09:00:00,-0.164281760675944,-0.1919889604399231,-0.4370943838973076,0.3496309290778251,0.6455475253568852,161.0,9,0.631087944326053,-0.7757112907044197,,
2026-10-13 10:00:00,-0.8267881285892711,-0.8405324752055499,-0.7896754199231446,0.813063998967737,-0.1964175838211292,136.0,10,0.3984010898462414,-0.917211301505453,,
2026-10-13 11:00:00,-0.8981349682107063,-0.9071812158534008,-1.1422564559489816,1.1477656605548954,-0.6883315535159429,130.0,11,0.1361666490962471,-0.9906859460363306,,
2026-10-13 12:00:00,-0.9567413007568852,-0.9610128909920496,-1.4772084401735266,1.405228477160402,-1.036540318580811,125.0,12,-0.1361666490962464,-0.9906859460363308,,
2026-10-13 13:00:00,-0.964385605002039,-0.9687031302975708,-1.6887570617890286,1.598325589614532,-1.2631523720357252,124.0,13,-0.3984010898462415,-0.9172113015054528,,
2026-10-13 14:00:00,-0.9083273738709114,-0.9123080420570816,-1.7945313725967798,1.752803279577836,-1.3994880789923403,130.0,14,-0.6310879443260528,-0.7757112907044198,,
2026-10-13 15:00:00,-0.8624615483999887,-0.8661666062239541,-1.776902320795488,1.8429152653897631,-1.410542325502336,134.0,15,-0.816969893010442,-0.5766803221148672,,
2026-10-13 16:00:00,-0.8904906639655525,-0.8943641503441988,-1.500713842575249,1.7270569979172852,-1.2152506371590768,131.0,16,-0.9422609221188204,-0.3348796121709864,,
2026-10-13 17:00:00,-0.7528931875527847,-0.7559398428448159,-0.7485409657201301,1.276497068857649,-0.6109518279459722,145.0,17,-0.9976687691905392,-0.0682424133646704,,
2026-10-13 18:00:00,-0.4827944375573512,-0.4842180540497313,0.2621913375539355,0.6328400273438823,0.20153529053872,155.0,18,-0.979084087682323,0.2034560130526333,,
2026-10-13 19:00:00,-0.1107716309598677,-0.1253402197920723,1.0143642144090546,0.0921681124723185,0.7081882555801947,163.0,19,-0.8878852184023756,0.4600650377311516,,
2026-10-13 20:00:00,0.0726916709238229,0.0592255235404381,1.267047290227571,-0.2167872674542893,0.6068576625718998,166.0,20,-0.730835964278124,0.6825531432186542,,
2026-10-13 21:00:00,0.1924524374312321,0.1668888738177359,1.2611709396271402,-0.4227575207386945,0.20153529053872,168.0,21,-0.5195839500354336,0.8544194045464886,,
2026-10-13 22:00:00,0.251058769977411,0.2258473751600655,1.220036485424126,-0.5901083515322738,-0.1171954838328259,170.0,22,-0.2697967711570252,0.962917287347799,,
2026-10-13 23:00:00,0.2816359869580261,0.2566083323821506,1.1906547324219732,-0.7317129006653024,-0.1945752094027966,170.0,23,-2.4492935982947064e-16,1.0,182.16,17.499900817871094
2026-10-14 00:00:00,0.299472696863385,0.2745522240950336,1.1260148758172364,-0.8346980273075051,-0.1853633373111334,171.0,0,0.0,1.0,,
2026-10-14 01:00:00,0.3886562463901791,0.3565814433539269,1.06725136981293,-0.9248100131194325,-0.1577277210361439,172.0,1,0.2697967711570243,0.9629172873477992,,
2026-10-14 02:00:00,0.5135132157276905,0.4821886853441077,1.06725136981293,-0.989175717270809,-0.2093142047494577,175.0,2,0.5195839500354336,0.8544194045464886,,
2026-10-14 03:00:00,0.6485625907254075,0.612922753537969,1.0790040710137916,-1.0406682805919103,-0.2424769442794451,177.0,3,0.730835964278124,0.6825531432186541,,
2026-10-14 04:00:00,0.75558285015756,0.728276343120788,1.0143642144090546,-1.066414562252461,-0.030603886171192,180.0,4,0.8878852184023752,0.4600650377311522,,
2026-10-14 05:00:00,0.8447663996843541,0.8103055623796815,0.8439500469965668,-1.1179071255735622,0.7597747392935086,181.0,5,0.9790840876823228,0.2034560130526337,,
2026-10-14 06:00:00,0.8804398194950718,0.8513201720091286,0.5971433217784808,-1.1565265480643885,1.793346787978117,182.0,6,0.9976687691905392,-0.0682424133646708,,
2026-10-14 07:00:00,0.8855360223251744,0.9051518471477772,0.2915730905560886,-0.9763025764405336,2.288945506509596,183.0,7,0.9422609221188204,-0.3348796121709861,,
2026-10-14 08:00:00,0.3045688996934876,0.3027497682152781,-0.1197714514740544,-0.4227575207386945,1.7546569251931317,171.0,8,0.8169698930104421,-0.5766803221148671,,
2026-10-14 09:00:00,-0.5312083644433251,-0.561120447104944,-0.5898794995085035,0.3367577882475498,0.6823950137235378,154.0,9,0.631087944326053,-0.7757112907044197,,
2026-10-14 10:00:00,-0.9516450979267826,-0.9584494778902092,-0.9953476909382162,0.9804148297613162,-0.227737948932784,125.0,10,0.3984010898462414,-0.917211301505453,,
2026-10-14 11:00:00,-1.0000590248127563,-1.0071543268251772,-1.3126706233614691,1.3794821954998513,-0.7343909139742588,120.0,11,0.1361666490962471,-0.9906859460363306,,
2026-10-14 12:00:00,-0.9287121851913214,-0.9353787599736454,-1.5594773485795552,1.636945012105358,-1.0807573046207943,127.0,12,-0.1361666490962464,-0.9906859460363308,,
2026-10-14 13:00:00,-0.9159716781160652,-0.919998281362603,-1.70050976298989,1.8042958428989373,-1.2981574859840452,129.0,13,-0.3984010898462415,-0.9172113015054528,,
2026-10-14 14:00:00,-0.8726539540601936,-0.8764202586313158,-1.7298915159920432,1.8815346878805888,-1.375537211554016,133.0,14,-0.6310879443260528,-0.7757112907044198,,
2026-10-14 15:00:00,-0.8395286356645274,-0.8405324752055499,-1.6476226075860143,1.8686615470503136,-1.323950727840702,136.0,15,-0.816969893010442,-0.5766803221148672,,
2026-10-14 16:00:00,-0.806403317268861,-0.8072081048816243,-1.406692232968359,1.7013107162567345,-1.2060387650674136,140.0,16,-0.9422609221188204,-0.3348796121709864,,
2026-10-14 17:00:00,-0.6815463479313493,-0.6816008628914437,-0.8954497307308955,1.3151164913484747,-0.9923233325408278,151.0,17,-0.9976687691905392,-0.0682424133646704,,
2026-10-14 18:00:00,-0.5184678573680688,-0.5149790112718162,-0.2314221128822361,0.774444576476911,-0.7122824209542672,155.0,18,-0.979084087682323,0.2034560130526333,,
2026-10-14 19:00:00,-0.4598615248218898,-0.4611473361331674,0.2856967399556583,0.3238846474172744,-0.5169907326110078,156.0,19,-0.8878852184023756,0.4600650377311516,,
2026-10-14 20:00:00,-0.4063513951058135,-0.3996254216889975,0.4913690109707299,0.0278024083209419,-0.4875127419176857,157.0,20,-0.730835964278124,0.6825531432186542,,
2026-10-14 21:00:00,-0.2993311356736606,-0.312469376226423,0.5442561663746054,-0.1910409857937386,-0.5409416000493321,159.0,21,-0.5195839500354336,0.8544194045464886,,
2026-10-14 22:00:00,-0.0929349210545088,-0.1150865673847104,0.6147723735797725,-0.3841380982478685,-0.5888433349259806,163.0,22,-0.2697967711570252,0.962917287347799,,
2026-10-14 23:00:00,0.1160093949796944,0.0771694152533211,0.7675574891909686,-0.5514889290414479,-0.5943704581809786,167.0,23,-2.4492935982947064e-16,1.0,171.29,17.494441986083984
2026-10-15 00:00:00,0.2459625671473084,0.2027766572435015,0.932095306003026,-0.6673471965139258,-0.5943704581809786,169.0,0,0.0,1.0,,
2026-10-15 01:00:00,0.3886562463901791,0.3386375516410442,1.06725136981293,-0.7703323231561284,-0.6035823302726417,172.0,1,0.2697967711570243,0.9629172873477992,,
2026-10-15 02:00:00,0.5542828383685109,0.5052594032606716,1.1789020312211118,-0.8475711681377803,-0.7122824209542672,175.0,2,0.5195839500354336,0.8544194045464886,,
2026-10-15 03:00:00,0.7810638643080726,0.7462202348336711,1.25529458902671,-0.8861905906286064,-0.8338791325642211,180.0,3,0.730835964278124,0.6825531432186541,,
2026-10-15 04:00:00,0.9925562817573274,0.994871305712192,1.2435418878258486,-0.9248100131194325,-0.7141247953725999,185.0,4,0.8878852184023752,0.4600650377311522,,
2026-10-15 05:00:00,1.229529713357094,1.2230150717759896,1.06725136981293,-0.950556294779983,-0.0398157582628552,190.0,5,0.9790840876823228,0.2034560130526337,,
2026-10-15 06:00:00,1.4690512463719123,1.4614124902471484,0.7969392421931217,-0.9634294356102584,0.8721595788117993,194.0,6,0.9976687691905392,-0.0682424133646708,,
2026-10-15 07:00:00,1.942998109571446,1.963841458207872,0.6030196723789115,-0.9634294356102584,1.3309108089766255,210.0,7,0.9422609221188204,-0.3348796121709861,,
2026-10-15 08:00:00,1.942998109571446,1.963841458207872,0.6030196723789115,-0.9634294356102584,1.4819855112799016,210.0,8,0.8169698930104421,-0.5766803221148671,,
2026-10-15 09:00:00,1.942998109571446,1.963841458207872,0.6030196723789115,-0.9634294356102584,1.4064481601282637,210.0,9,0.631087944326053,-0.7757112907044197,,
2026-10-15 10:00:00,1.942998109571446,1.963841458207872,0.6030196723789115,-0.9634294356102584,1.4064481601282637,210.0,10,0.3984010898462414,-0.917211301505453,,
2026-10-15 11:00:00,1.942998109571446,1.963841458207872,0.6030196723789115,-0.9634294356102584,1.4064481601282637,210.0,11,0.1361666490962471,-0.9906859460363306,,
2026-10-15 12:00:00,1.942998109571446,1.963841458207872,0.6030196723789115,-0.9634294356102584,1.4064481601282637,210.0,12,-0.1361666490962464,-0.9906859460363308,,
2026-10-15 13:00:00,1.942998109571446,1.963841458207872,0.6030196723789115,-0.9634294356102584,1.4064481601282637,210.0,13,-0.3984010898462415,-0.9172113015054528,,
2026-10-15 14:00:00,1.942998109571446,1.963841458207872,0.6030196723789115,-0.9634294356102584,1.4064481601282637,210.0,14,-0.6310879443260528,-0.7757112907044198,,
2026-10-15 15:00:00,1.942998109571446,1.963841458207872,0.6030196723789115,-0.9634294356102584,1.4064481601282637,210.0,15,-0.816969893010442,-0.5766803221148672,,
2026-10-15 16:00:00,1.942998109571446,1.963841458207872,0.6030196723789115,-0.9634294356102584,1.4064481601282637,210.0,16,-0.9422609221188204,-0.3348796121709864,,
2026-10-15 17:00:00,1.942998109571446,1.963841458207872,0.6030196723789115,-0.9634294356102584,1.4064481601282637,210.0,17,-0.9976687691905392,-0.0682424133646704,,
2026-10-15 18:00:00,1.942998109571446,1.963841458207872,0.6030196723789115,-0.9634294356102584,1.4064481601282637,210.0,18,-0.979084087682323,0.2034560130526333,,
2026-10-15 19:00:00,1.942998109571446,1.963841458207872,0.6030196723789115,-0.9634294356102584,1.4064481601282637,210.0,19,-0.8878852184023756,0.4600650377311516,,
2026-10-15 20:00:00,1.942998109571446,1.963841458207872,0.6030196723789115,-0.9634294356102584,1.4064481601282637,210.0,20,-0.730835964278124,0.6825531432186542,,
2026-10-15 21:00:00,1.942998109571446,1.963841458207872,0.6030196723789115,-0.9634294356102584,1.4064481601282637,210.0,21,-0.5195839500354336,0.8544194045464886,,
2026-10-15 22:00:00,1.942998109571446,1.963841458207872,0.6030196723789115,-0.9634294356102584,1.4064481601282637,210.0,22,-0.2697967711570252,0.962917287347799,,
2026-10-15 23:00:00,1.942998109571446,1.963841458207872,0.6030196723789115,-0.9634294356102584,1.4064481601282637,210.0,23,-2.4492935982947064e-16,1.0,196.98,17.50495719909668
