time,pm10,pm2_5,nitrogen_dioxide,ozone,carbon_monoxide
2026-10-05 00:00:00,16.9,16.9,19.4,64.0,448.0
2026-10-05 01:00:00,13.9,13.9,16.6,62.0,390.0
2026-10-05 02:00:00,13.0,13.0,15.0,60.0,350.0
2026-10-05 03:00:00,12.9,12.9,14.1,58.0,331.0
2026-10-05 04:00:00,13.2,13.1,14.0,55.0,335.0
2026-10-05 05:00:00,12.7,12.7,15.2,51.0,358.0
2026-10-05 06:00:00,12.3,12.3,17.1,46.0,403.0
2026-10-05 07:00:00,11.8,11.8,17.8,45.0,484.0
2026-10-05 08:00:00,11.9,11.8,16.9,48.0,642.0
2026-10-05 09:00:00,11.7,11.6,15.6,53.0,835.0
2026-10-05 10:00:00,11.1,10.9,14.0,61.0,948.0
2026-10-05 11:00:00,9.6,9.6,11.6,77.0,906.0
2026-10-05 12:00:00,10.0,10.0,8.8,97.0,785.0
2026-10-05 13:00:00,10.4,10.4,7.2,111.0,692.0
2026-10-05 14:00:00,10.7,10.7,6.8,115.0,634.0
2026-10-05 15:00:00,10.9,10.8,7.5,112.0,604.0
2026-10-05 16:00:00,11.4,11.4,10.4,104.0,696.0
2026-10-05 17:00:00,13.3,13.2,17.4,89.0,1042.0
2026-10-05 18:00:00,17.1,17.1,26.7,69.0,1509.0
2026-10-05 19:00:00,23.6,23.2,30.9,57.0,1793.0
2026-10-05 20:00:00,26.7,26.4,33.3,52.0,1742.0
2026-10-05 21:00:00,30.2,29.8,36.5,46.0,1508.0
2026-10-05 22:00:00,32.0,31.7,38.7,41.0,1247.0
2026-10-05 23:00:00,31.3,31.0,38.8,39.0,977.0
2026-10-06 00:00:00,31.5,31.0,37.8,39.0,680.0
2026-10-06 01:00:00,32.2,31.5,36.7,39.0,455.0
2026-10-06 02:00:00,32.2,31.4,36.0,37.0,340.0
2026-10-06 03:00:00,30.6,29.7,35.2,34.0,297.0
2026-10-06 04:00:00,29.0,28.2,34.0,33.0,313.0
2026-10-06 05:00:00,27.6,26.7,32.8,31.0,429.0
2026-10-06 06:00:00,27.1,26.1,31.3,31.0,603.0
2026-10-06 07:00:00,26.8,25.6,28.2,37.0,699.0
2026-10-06 08:00:00,23.9,22.5,22.1,54.0,634.0
2026-10-06 09:00:00,19.8,17.2,14.4,78.0,491.0
2026-10-06 10:00:00,21.0,17.2,8.5,99.0,380.0
2026-10-06 11:00:00,22.6,18.1,5.8,116.0,336.0
2026-10-06 12:00:00,23.7,18.8,4.9,130.0,323.0
2026-10-06 13:00:00,24.0,19.2,4.9,139.0,350.0
2026-10-06 14:00:00,23.8,19.0,4.1,142.0,370.0
2026-10-06 15:00:00,23.7,19.0,4.3,141.0,429.0
2026-10-06 16:00:00,24.6,20.0,9.9,131.0,673.0
2026-10-06 17:00:00,31.3,27.0,26.0,108.0,1292.0
2026-10-06 18:00:00,46.3,41.8,47.5,78.0,2096.0
2026-10-06 19:00:00,64.3,59.3,64.0,54.0,2654.0
2026-10-06 20:00:00,75.7,70.1,71.0,42.0,2740.0
2026-10-06 21:00:00,79.6,74.0,72.9,36.0,2581.0
2026-10-06 22:00:00,81.3,75.4,72.4,32.0,2424.0
2026-10-06 23:00:00,82.7,76.8,69.7,29.0,2374.0
2026-10-07 00:00:00,79.9,74.0,64.6,27.0,2327.0
2026-10-07 01:00:00,75.4,69.8,59.6,27.0,2212.0
2026-10-07 02:00:00,72.4,66.8,55.3,27.0,1925.0
2026-10-07 03:00:00,68.7,63.3,51.1,29.0,1571.0
2026-10-07 04:00:00,65.7,60.1,47.6,30.0,1397.0
2026-10-07 05:00:00,64.7,59.1,46.0,27.0,1623.0
2026-10-07 06:00:00,67.3,61.2,45.0,25.0,2028.0
2026-10-07 07:00:00,69.6,63.6,42.0,33.0,2198.0
2026-10-07 08:00:00,50.2,45.5,34.8,59.0,1884.0
2026-10-07 09:00:00,35.3,31.0,25.5,96.0,1335.0
2026-10-07 10:00:00,30.0,26.7,17.6,131.0,884.0
2026-10-07 11:00:00,30.9,28.1,12.0,161.0,653.0
2026-10-07 12:00:00,32.7,30.2,7.8,188.0,521.0
2026-10-07 13:00:00,34.0,31.5,5.3,207.0,458.0
2026-10-07 14:00:00,34.3,32.0,3.3,216.0,344.0
2026-10-07 15:00:00,34.2,31.9,2.9,216.0,300.0
2026-10-07 16:00:00,34.3,32.0,8.4,204.0,660.0
2026-10-07 17:00:00,43.9,41.8,24.9,171.0,1815.0
2026-10-07 18:00:00,63.8,61.7,47.2,125.0,3374.0
2026-10-07 19:00:00,82.2,80.1,63.8,87.0,4500.0
2026-10-07 20:00:00,92.9,90.6,69.2,67.0,4733.0
2026-10-07 21:00:00,100.4,97.8,68.9,56.0,4533.0
2026-10-07 22:00:00,108.3,105.5,68.2,47.0,4438.0
2026-10-07 23:00:00,113.6,110.8,69.0,36.0,4804.0
2026-10-08 00:00:00,115.0,111.8,69.4,27.0,5277.0
2026-10-08 01:00:00,115.3,111.8,68.7,21.0,5330.0
2026-10-08 02:00:00,113.6,109.7,66.5,17.0,4581.0
2026-10-08 03:00:00,110.4,106.2,63.2,16.0,3412.0
2026-10-08 04:00:00,104.1,99.9,59.9,18.0,2451.0
2026-10-08 05:00:00,97.1,93.1,57.3,23.0,1949.0
2026-10-08 06:00:00,93.6,89.4,54.6,32.0,1653.0
2026-10-08 07:00:00,92.0,88.0,50.5,50.0,1434.0
2026-10-08 08:00:00,72.9,69.2,44.1,81.0,1278.0
2026-10-08 09:00:00,59.6,56.3,36.4,120.0,1198.0
2026-10-08 10:00:00,48.4,45.8,28.6,157.0,1100.0
2026-10-08 11:00:00,43.3,40.9,20.2,190.0,924.0
2026-10-08 12:00:00,46.1,43.9,11.8,221.0,732.0
2026-10-08 13:00:00,47.5,45.3,6.2,243.0,611.0
2026-10-08 14:00:00,49.2,47.1,3.4,255.0,468.0
2026-10-08 15:00:00,50.2,48.2,3.5,257.0,397.0
2026-10-08 16:00:00,51.2,49.2,9.6,245.0,770.0
2026-10-08 17:00:00,61.0,59.3,26.7,210.0,2111.0
2026-10-08 18:00:00,89.6,87.8,49.7,160.0,3898.0
2026-10-08 19:00:00,113.4,111.5,66.5,119.0,4931.0
2026-10-08 20:00:00,130.4,128.1,71.0,97.0,4456.0
2026-10-08 21:00:00,140.6,138.8,69.4,84.0,3228.0
2026-10-08 22:00:00,147.6,145.8,67.8,72.0,2318.0
2026-10-08 23:00:00,150.9,149.0,69.0,59.0,2226.0
2026-10-09 00:00:00,153.7,151.8,70.2,49.0,2451.0
2026-10-09 01:00:00,158.3,156.5,69.9,41.0,2565.0
2026-10-09 02:00:00,158.3,156.5,67.1,36.0,2339.0
2026-10-09 03:00:00,149.5,147.6,62.7,34.0,2002.0
2026-10-09 04:00:00,136.4,134.6,57.9,37.0,1809.0
2026-10-09 05:00:00,122.9,121.1,53.0,44.0,1956.0
2026-10-09 06:00:00,115.3,113.2,47.7,56.0,2246.0
2026-10-09 07:00:00,108.5,106.4,41.7,77.0,2351.0
2026-10-09 08:00:00,85.9,83.8,34.3,116.0,2081.0
2026-10-09 09:00:00,71.2,68.7,26.2,164.0,1626.0
2026-10-09 10:00:00,60.8,58.1,19.2,204.0,1218.0
2026-10-09 11:00:00,53.9,51.6,13.6,230.0,919.0
2026-10-09 12:00:00,53.4,51.5,9.2,247.0,669.0
2026-10-09 13:00:00,53.1,51.2,6.9,257.0,516.0
2026-10-09 14:00:00,53.1,51.5,6.6,261.0,504.0
2026-10-09 15:00:00,54.0,52.6,8.4,257.0,591.0
2026-10-09 16:00:00,58.2,56.8,13.6,240.0,698.0
2026-10-09 17:00:00,68.7,67.3,24.6,201.0,767.0
2026-10-09 18:00:00,85.7,84.5,38.8,148.0,857.0
2026-10-09 19:00:00,92.7,91.7,50.2,105.0,1070.0
2026-10-09 20:00:00,105.0,103.8,56.3,79.0,1560.0
2026-10-09 21:00:00,116.2,115.0,59.5,62.0,2174.0
2026-10-09 22:00:00,122.0,121.1,60.4,50.0,2555.0
2026-10-09 23:00:00,122.0,120.6,58.4,44.0,2504.0
2026-10-10 00:00:00,118.5,117.3,54.1,43.0,2220.0
2026-10-10 01:00:00,115.7,114.6,49.6,45.0,1951.0
2026-10-10 02:00:00,113.9,112.7,45.1,49.0,1744.0
2026-10-10 03:00:00,111.8,110.6,40.5,55.0,1552.0
2026-10-10 04:00:00,111.5,110.4,37.8,60.0,1473.0
2026-10-10 05:00:00,112.2,110.8,38.8,60.0,1621.0
2026-10-10 06:00:00,114.6,113.4,41.8,60.0,1882.0
2026-10-10 07:00:00,116.2,115.0,43.6,65.0,1827.5
2026-10-10 08:00:00,108.7,107.3,43.5,79.0,1615.0
2026-10-10 09:00:00,100.4,99.2,42.1,100.0,1285.3
2026-10-10 10:00:00,109.4,107.8,38.6,123.0,907.0
2026-10-10 11:00:00,93.4,91.7,31.1,151.0,808.0
2026-10-10 12:00:00,75.9,74.5,21.3,183.0,718.0
2026-10-10 13:00:00,63.6,62.2,14.0,207.0,649.0
2026-10-10 14:00:00,59.0,57.6,9.4,224.0,585.0
2026-10-10 15:00:00,55.4,54.1,7.1,234.0,542.0
2026-10-10 16:00:00,54.4,53.0,10.7,227.0,581.0
2026-10-10 17:00:00,62.9,61.7,25.2,190.0,774.0
2026-10-10 18:00:00,86.6,85.4,45.7,136.0,1048.0
2026-10-10 19:00:00,108.5,107.3,60.6,96.0,1248.0
2026-10-10 20:00:00,,,,,
2026-10-10 21:00:00,,,,,
2026-10-10 22:00:00,,,,,
2026-10-10 23:00:00,,,,,
